{"cameraMode":{"drawMode":0,"name":"Shaded","section":"Shading Mode"},"sceneLighting":false,"audioPlay":false,"sceneViewState":{"m_AlwaysRefresh":false,"showFog":true,"showSkybox":false,"showFlares":true,"showImageEffects":true,"showParticleSystems":true,"showVisualEffectGraphs":true,"m_FxEnabled":true},"in2DMode":false,"pivot":{"x":-0.04434061050415039,"y":-1.892220139503479,"z":0.4351954460144043},"rotation":{"x":0.06244327872991562,"y":0.9086967706680298,"z":-0.14710986614227296,"w":0.38568657636642458},"size":3.4252490997314455,"orthographic":false}